,N_omega_500,N_pr,N_prQ,N_pr_sc,N_pr_scOGS09,N_pr_scOGS09ad,N_pr_scRH,N_pr_scRHad,N_qvstar_s,bias_sc,bias_scOGS09,bias_scOGS09ad,bias_scRH,bias_scRHad,contrib,contribQOmega_bias_covQOmega,contribQOmega_var_cov2QOmega,contribQOmega_var_covQ2Omega2,contribQOmega_var_covQOmega,contribQOmega_var_sum,contribQOmega_var_varOmega,contribQOmega_var_varQ,contribQOmega_var_varQvarOmega,contribTOmega_var_covTOmega,contribTOmega_var_covTOmega2,contribTOmega_var_sum,contribTOmega_var_varOmega,contribTOmega_var_varT,cov_qvstar_s_2_omega_500_2_prQ,cov_qvstar_s_omega_500_prQ,cov_ts_omega_500_2_prQ,cov_ts_omega_500_prQ,norm_var_pr,norm_var_pr_I25,norm_var_pr_I75,norm_var_pr_Ibnd,norm_var_pr_scOGS09_I25_prQ,norm_var_pr_scOGS09_I75_prQ,norm_var_pr_scOGS09_prQ,norm_var_pr_scOGS09ad_I25_prQ,norm_var_pr_scOGS09ad_I75_prQ,norm_var_pr_scOGS09ad_prQ,norm_var_pr_scRH_I25_prQ,norm_var_pr_scRH_I75_prQ,norm_var_pr_scRH_prQ,norm_var_pr_scRHad_I25_prQ,norm_var_pr_scRHad_I75_prQ,norm_var_pr_scRHad_prQ,norm_var_pr_sc_I25_prQ,norm_var_pr_sc_I75_prQ,norm_var_pr_sc_prQ,omega_500_prQ,percentiles,percentiles_omega_500,percentiles_pr,percentiles_pr_sc,percentiles_pr_scOGS09,percentiles_qvstar_s,pr_scOGS09_prQ,pr_scOGS09_vQ,pr_scOGS09ad_prQ,pr_scOGS09ad_vQ,pr_scRH_prQ,pr_scRH_vQ,pr_scRHad_prQ,pr_scRHad_vQ,pr_sc_prQ,pr_sc_vQ,qvstar_s_prQ,ranks_omega_500,ranks_pr,ranks_pr_sc,ranks_pr_scOGS09,ranks_qvstar_s,ranks_ref,ts_prQ,var_omega_500_prQ,var_prQ,var_pr_scOGS09_I25_prQ,var_pr_scOGS09_I75_prQ,var_pr_scOGS09_prQ,var_pr_scOGS09ad_I25_prQ,var_pr_scOGS09ad_I75_prQ,var_pr_scOGS09ad_prQ,var_pr_scRH_I25_prQ,var_pr_scRH_I75_prQ,var_pr_scRH_prQ,var_pr_scRHad_I25_prQ,var_pr_scRHad_I75_prQ,var_pr_scRHad_prQ,var_pr_sc_I25_prQ,var_pr_sc_I75_prQ,var_pr_sc_prQ,var_qvstar_s_prQ,var_ts_prQ,var_vQ
0,0.0,0.0,,0.0,0.0,0.0,0.0,0.0,0.0,,,,,,,,,,,,,,,,,,,,,,,,,,,,,,,,,,,,,,,,,,,,,,8.465184255608202e-14,-0.00015339190761399035,-0.00012254045401700195,,,,,,,,,,,,,0.0,0.0,0.0,0.0,0.0,0.0,,,,,,,,,,,,,,,,,,,,,
1,0.0,0.0,,0.0,0.0,0.0,0.0,0.0,0.0,,,,,,,,,,,,,,,,,,,,,,,,,,,,,,,,,,,,,,,,,,,,1.2597301424188437e-05,-0.028637860002792358,1.2597301424188437e-05,-3.739889927684918e-05,-3.4913524536452145e-05,0.012691873909437722,,,,,,,,,,,,20.567176527571853,20.567176527571853,20.567176527571853,20.567176527571853,20.567176527571853,20.567176527571853,,,,,,,,,,,,,,,,,,,,,
2,2070.0,1383.0,,1940.0,2033.0,2042.0,2024.0,2038.0,1467.0,,,,,,,,,,,,,,,,,,,,,,,,,,,,,,,,,,,,,,,,,,,,2.365570970062965e-05,-0.015434190177406092,2.365570970062965e-05,-2.1817263541690933e-05,-1.5079922872662636e-05,0.014206388205969783,,,,,,,,,,,,36.90426555198067,36.90426555198067,36.90426555198067,36.90426555198067,36.90426555198067,36.90426555198067,,,,,,,,,,,,,,,,,,,,,
3,1070.0,1028.0,,990.0,1046.0,1033.0,1040.0,1039.0,1110.0,,,,,,,,,,,,,,,,,,,,,,,,,,,,,,,,,,,,,,,,,,,,3.642369252135496e-05,-0.0031723184401342367,3.642369252135496e-05,-5.241951017736586e-06,2.5666694695083833e-06,0.015023653517287077,,,,,,,,,,,,49.88127663727278,49.88127663727278,49.88127663727278,49.88127663727278,49.88127663727278,49.88127663727278,,,,,,,,,,,,,,,,,,,,,
4,842.0,804.0,,803.0,870.0,878.0,876.0,873.0,839.0,,,,,,,,,,,,,,,,,,,,,,,,,,,,,,,,,,,,,,,,,,,,4.743801803485597e-05,0.007296607786696341,4.743801803485597e-05,9.408862265700171e-06,1.756671071405221e-05,0.015608682265492752,,,,,,,,,,,,60.18928294465028,60.18928294465028,60.18928294465028,60.18928294465028,60.18928294465028,60.18928294465028,,,,,,,,,,,,,,,,,,,,,
5,671.0,687.0,,633.0,665.0,659.0,672.0,661.0,623.0,,,,,,,,,,,,,,,,,,,,,,,,,,,,,,,,,,,,,,,,,,,,5.8160339182860115e-05,0.01665440284319906,5.8160339182860115e-05,2.2821664123397783e-05,3.229155851747783e-05,0.0161174973733876,,,,,,,,,,,,68.3772233983162,68.3772233983162,68.3772233983162,68.3772233983162,68.3772233983162,68.3772233983162,,,,,,,,,,,,,,,,,,,,,
6,536.0,531.0,,506.0,519.0,518.0,524.0,513.0,514.0,,,,,,,,,,,,,,,,,,,,,,,,,,,,,,,,,,,,,,,,,,,,6.678629566304607e-05,0.02566137597811138,6.678629566304607e-05,3.6267642206440726e-05,4.4181599584141914e-05,0.016590914836468948,,,,,,,,,,,,74.8811356849042,74.8811356849042,74.8811356849042,74.8811356849042,74.8811356849042,74.8811356849042,,,,,,,,,,,,,,,,,,,,,
7,418.0,426.0,,360.0,414.0,432.0,407.0,451.0,401.0,,,,,,,,,,,,,,,,,,,,,,,,,,,,,,,,,,,,,,,,,,,,7.478816105304955e-05,0.03405090340222801,7.478816105304955e-05,4.805088912098135e-05,5.597801599396418e-05,0.017040068181364137,,,,,,,,,,,,80.0473768503112,80.0473768503112,80.0473768503112,80.0473768503112,80.0473768503112,80.0473768503112,,,,,,,,,,,,,,,,,,,,,
8,333.0,316.0,316.0,351.0,341.0,339.0,345.0,325.0,312.0,-0.028419645482394843,0.013249345983236935,0.009247902522396306,0.007730238690714059,0.01037401702803551,0.22386436450693092,0.016618875439342012,-0.00027618702086836515,0.07320524134088859,-0.033237750878684025,0.3302384959147718,0.26874599246388986,0.01718326610609271,0.0046179339034530045,0.032198708120957285,-0.0843345718432064,0.22386436450693092,0.26874599246388986,0.007254235765290166,1.7386986806399868e-08,-8.099210875817664e-06,-0.0007300021220814766,0.009078489281787531,0.19855965454387953,0.19050945945039946,0.1768721856097017,0.1768721856097017,0.2755961156072738,0.21600453973381584,0.22470685616216202,0.15749960526404216,0.19776397419541156,0.2009602110766227,0.17523404702960035,0.2103632957975699,0.21811007012191305,0.19050945945039946,0.1768721856097017,0.19855965454387953,0.32098538388130193,0.3103490220729646,0.31444993130091736,-0.030700350959247318,8.15443207347543e-05,0.04168867070721368,8.15443207347543e-05,6.088935759211883e-05,6.719944566574452e-05,0.017562446443563518,4.980056525349305e-05,4.9140740334288754e-05,5.184536080865071e-05,5.136589996565384e-05,5.5366659061081275e-05,5.493866157103173e-05,5.323280741600257e-05,5.268056936541882e-05,4.455317552994072e-05,4.5819360983616543e-05,0.015874415142917153,84.15106807538886,84.15106807538886,84.15106807538886,84.15106807538886,84.15106807538886,84.15106807538886,299.9482421875,0.00025329620165031545,5.323280741600257e-05,6.835049064927545e-10,5.357120596836003e-10,5.572946424552064e-10,4.233497153600821e-10,5.315779810606325e-10,5.401692786173195e-10,5.371741771581643e-10,6.448617277283506e-10,6.686092082770712e-10,5.398527106619153e-10,5.012083343134732e-10,5.626648043768942e-10,6.371513166034003e-10,6.16038293175024e-10,6.241785383234679e-10,4.330132473428228e-06,2.447458028793335,5.268056936541882e-05
9,259.0,286.0,286.0,253.0,281.0,259.0,267.0,267.0,266.0,-0.047832568577882435,0.002655197012198654,0.00453314211031111,-0.0022726065877802463,0.005736023163567741,0.1668822693104846,0.012515528851258902,-0.00015663846242669396,0.050460900866588436,-0.025031057702517803,0.2831451298999938,0.2392199019147524,0.015051423282322809,0.003600600001274683,0.048591413822848345,-0.12908624582745343,0.1668822693104846,0.2392199019147524,0.008157199400337285,1.8627568068076767e-08,-7.604134420847252e-06,-0.0017198437440465021,0.016988236651209868,0.15335328401364415,0.11668775784932289,0.1790405873557405,0.1790405873557405,0.17039719828297256,0.15990813886724092,0.16855867448142636,0.13442168895042872,0.15723146951057626,0.15437823239850051,0.16403955732668427,0.10438265643645676,0.16299202686483333,0.11668775784932289,0.1790405873557405,0.15335328401364415,0.2842780644124256,0.24149395985598074,0.2633012158199569,-0.03810835952091078,8.794139694005914e-05,0.0490605281699814,8.794139694005914e-05,7.234106722034602e-05,7.874987549545885e-05,0.018247251993001756,5.731864902718489e-05,5.7166456721544645e-05,5.948621389913688e-05,5.921655443792773e-05,6.33943305211904e-05,6.353840089436077e-05,6.125080992709598e-05,6.0899473862566876e-05,5.4515078381379196e-05,5.712267460658515e-05,0.0159433773789461,87.41074588205832,87.41074588205832,87.41074588205832,87.41074588205832,87.41074588205832,87.41074588205832,299.7882995605469,0.00034740640053499246,6.125080992709598e-05,5.598276456435503e-10,5.253666011140926e-10,5.537873089381898e-10,4.756658848899961e-10,5.563807943588866e-10,5.462843019973228e-10,6.592489219376642e-10,4.1949731422208444e-10,6.550390634198385e-10,4.3777299393380977e-10,6.716997173225326e-10,5.753296447680814e-10,8.448442088387328e-10,7.176943950127057e-10,7.825032431730772e-10,3.825940583783362e-06,2.7462375164031982,6.0899473862566876e-05
10,224.0,217.0,217.0,189.0,201.0,219.0,204.0,215.0,199.0,-0.05970668297270686,0.003051131584682485,0.002706143375352306,-0.00029501715075362905,0.0034155855684663097,0.09024321103180404,0.01265200036608528,-0.00016007311326342205,0.06226136332359315,-0.02530400073217056,0.1930689914186573,0.13642050765027264,0.017468176750233905,0.002383017539991599,0.04403124883602715,-0.10068926615935524,0.09024321103180404,0.13642050765027264,0.01048072070485948,3.695060719025564e-08,-9.746768979455788e-06,-0.0020812220966839887,0.019166209523029346,0.12136834855303756,0.12459242509448425,0.12818563749988007,0.12818563749988007,0.12376932700796815,0.12194521458867659,0.12868889572476336,0.11845491210727055,0.1387360011760628,0.12189536607474129,0.13046148675209543,0.1526039595273468,0.12352246305951957,0.12459242509448425,0.12818563749988007,0.12136834855303756,0.16693822958793428,0.18301816710551927,0.1785667407749923,-0.04748539165543405,9.375671288580636e-05,0.056857861106958354,9.375671288580636e-05,8.276257046536985e-05,8.958459620860531e-05,0.019157433889235038,6.991681489477773e-05,6.970348949255187e-05,7.226033634789629e-05,7.20647895173877e-05,7.712077251530286e-05,7.714352446587424e-05,7.447525263508438e-05,7.42208760369761e-05,6.834767687128538e-05,7.242848994616023e-05,0.016223384163549494,90.0,90.0,90.0,90.0,90.0,90.0,299.6663818359375,0.0003076094761093193,7.447525263508438e-05,6.050291517646338e-10,5.961122317453769e-10,6.290777796413839e-10,6.185189818134283e-10,7.244178283681158e-10,6.36483505589436e-10,7.759345067978797e-10,9.07629377980805e-10,7.346638754368495e-10,6.910597668878374e-10,7.109897467832303e-10,6.731772224115494e-10,7.798360693204931e-10,8.549519687737537e-10,8.341575538513206e-10,4.5975925682102225e-06,3.522747755050659,7.42208760369761e-05
11,173.0,151.0,151.0,157.0,172.0,162.0,176.0,168.0,148.0,-0.05423200579361715,0.0007688149333164501,0.0033765252184875852,-0.0029429381321319,0.004727580787755271,0.06954091112194544,0.013376937764098817,-0.00017894246394457305,0.06239370370639645,-0.026753875528197635,0.1674930492691981,0.11670365679694758,0.013726566278078823,0.001601940479917465,0.04122053085888352,-0.09773447573972145,0.06954091112194544,0.11670365679694758,0.009351199205835792,4.618488840914645e-08,-1.1508965090081534e-05,-0.0024438904385918536,0.019751082628855283,0.09909275270743265,0.10580630584019714,0.10733523583567767,0.10733523583567767,0.1074048000698508,0.10665773972577146,0.10332581734740823,0.11650456979720546,0.11159488924425659,0.09817815864356828,0.0957137121750468,0.10221030216538866,0.09692465249555024,0.10580630584019714,0.10733523583567767,0.09909275270743265,0.16757006978483507,0.1523330868075334,0.14367140251980162,-0.052186313541852276,0.00010016779448234263,0.06347413245405345,0.00010016779448234263,9.458464687907753e-05,9.684722172913763e-05,0.01997721995525465,7.924562738180393e-05,7.918470216007277e-05,8.258668442296901e-05,8.230782840030358e-05,8.718565109751717e-05,8.74422330747068e-05,8.521752606933684e-05,8.48146533303114e-05,7.672754866698732e-05,8.088863753082542e-05,0.016486290455042314,92.05671765275719,92.05671765275719,92.05671765275719,92.05671765275719,92.05671765275719,92.05671765275719,299.9098815917969,0.00031783206013323556,8.521752606933684e-05,6.744881237232332e-10,6.69796682284318e-10,6.488726447002239e-10,7.946264603016185e-10,7.611396873296022e-10,6.696300653070239e-10,7.275522542473362e-10,7.769350290346061e-10,7.367570206274135e-10,7.683682232643922e-10,7.794713537894984e-10,7.196142208308854e-10,9.865045603467027e-10,8.968026630309478e-10,8.458103165987802e-10,3.7308501448797374e-06,3.153324842453003,8.48146533303114e-05
12,134.0,146.0,146.0,133.0,131.0,135.0,135.0,122.0,139.0,-0.054493324878354066,0.0010096993919416447,0.0013368199970454665,-0.0012074048162915897,0.0018239106143986435,0.05249722184407248,0.00795490033726972,-6.328043937589392e-05,0.035934501721368375,-0.015909800674539443,0.13003571296706629,0.09443975887639261,0.014285421702215808,0.0013491117810048468,0.03890675468323121,-0.0904294412491522,0.05249722184407248,0.09443975887639261,0.00958014953360086,3.265736511328511e-08,-7.583496667388268e-06,-0.002750550432331297,0.02055298420207097,0.07216377389448905,0.0887281908014819,0.0527167910937545,0.0527167910937545,0.07823506062368825,0.06750324574044918,0.08223487613059696,0.08409069154834177,0.07603920048581259,0.07282206479389422,0.08271548203568457,0.07247805808074738,0.0794444510941917,0.0887281908014819,0.0527167910937545,0.07216377389448905,0.10171136718880788,0.11666081485028124,0.11244897710533447,-0.05757843853766969,0.00010600889507226741,0.06830205828398281,0.00010600889507226741,0.00010407812471991651,0.00010452078733571955,0.02086839509873596,8.701962358645083e-05,8.69317599254286e-05,9.006995751092207e-05,8.994955019058843e-05,9.548150144242961e-05,9.559678626713796e-05,9.306627231393309e-05,9.289652775201719e-05,8.499607605888801e-05,8.962779484495029e-05,0.016556741726602063,93.69042655519807,93.69042655519807,93.69042655519807,93.69042655519807,93.69042655519807,93.69042655519807,299.79571533203125,0.00031309392124270573,9.306627231393309e-05,5.924283379186164e-10,5.111625831094159e-10,6.227166004168955e-10,6.821939126709365e-10,6.168754084507131e-10,5.907760822963857e-10,7.540936509735894e-10,6.607619527624543e-10,7.242725871967526e-10,7.685042333258544e-10,4.565975791566394e-10,6.250343349698773e-10,7.347967809046231e-10,8.427965681610617e-10,8.123688499795287e-10,3.916001175364749e-06,3.2256131172180176,9.289652775201719e-05
13,94.0,108.0,108.0,96.0,123.0,100.0,109.0,106.0,84.0,-0.01361765955170613,0.006646850314257674,0.0014928427932204451,0.004620568871610355,0.0018007634247343314,0.04529609759711841,0.006306521685178624,-3.977221576562823e-05,0.028461437288862017,-0.012613043370357247,0.10327046936697226,0.0670283908391886,0.01914987173769029,0.0012835850873542365,0.02648799844485283,-0.05644975174429437,0.04529609759711841,0.0670283908391886,0.008229460057371348,3.14541252772799e-08,-6.629797835320216e-06,-0.002057539040320867,0.015314717756907055,0.06170338634492245,0.08171908954477236,0.05633264346739792,0.05633264346739792,0.05126025269412059,0.055597573426486635,0.07095416853339173,0.050930901525093816,0.04958761971482529,0.0626934031992493,0.09881179554376977,0.058129675586726354,0.0695380418733134,0.08171908954477236,0.05633264346739792,0.06170338634492245,0.0599721579375066,0.10266652921047217,0.10079978981317254,-0.06304144989160347,0.00011181626086743028,0.07459803686741809,0.00011181626086743028,0.00011324195495567618,0.00011208478019030172,0.021611485509995206,9.343457854333517e-05,9.281353288558187e-05,9.63018298636953e-05,9.615806637100934e-05,0.00010239821678672075,0.00010192507877372762,9.955681685000916e-05,9.937753857554269e-05,9.750888219645748e-05,9.883672495747625e-05,0.01667570482687658,94.98812766372727,94.98812766372727,94.98812766372727,94.98812766372727,94.98812766372727,94.98812766372727,299.74176025390625,0.00026638586666314767,9.955681685000916e-05,4.4750305519251726e-10,4.853679539604915e-10,6.194313435559686e-10,4.723353420014215e-10,4.5987768949069845e-10,5.814212816704285e-10,1.0360806872820255e-09,6.095125981867052e-10,7.291338227371326e-10,8.099636412969314e-10,5.583443633661266e-10,6.115768024667358e-10,5.702142046001424e-10,9.761515227417647e-10,9.584025979534296e-10,5.3251797006384645e-06,2.7688450813293457,9.937753857554269e-05
14,95.0,76.0,76.0,86.0,72.0,85.0,88.0,87.0,81.0,-0.03434412711451367,-0.0016817244175276111,-0.001139004689642049,-0.003338990354659555,-0.0006293803200278416,0.028972366052117997,-0.0001765231705647771,-3.11604297462414e-08,0.0003238594171201339,0.0003530463411295542,0.06547653795876386,0.05329369312044232,0.010923800565457215,0.0005821696750443912,0.024013668965047027,-0.05649870464273173,0.028972366052117997,0.05329369312044232,0.008163708609360387,4.3077469496325724e-10,2.0358629840498348e-07,-0.0025323732465532232,0.0154073816539239,0.040979771793835114,0.05045453814556881,0.049381038301304234,0.049381038301304234,0.04282498718024723,0.04273477623008873,0.04494650079415512,0.03018876522612463,0.048301956189854355,0.041243431032088204,0.048240653758143556,0.04146469753018426,0.043459641936669145,0.05045453814556881,0.049381038301304234,0.040979771793835114,0.08619539347439603,0.07504561074109607,0.05708116066114304,-0.06985844348318933,0.000118582100218838,0.07902509092970701,0.000118582100218838,0.00012181674594664668,0.00011950927977475245,0.022293628403869472,9.940890022223251e-05,9.957607859705581e-05,0.00010248827091522137,0.00010260500553642711,0.00010844052670359007,0.00010880260857630756,0.00010621291522663933,0.00010627976354521576,0.00010483099985978615,0.00010843132904451221,0.016509271965778387,96.01892829446503,96.01892829446503,96.01892829446503,96.01892829446503,96.01892829446503,96.01892829446503,299.95501708984375,0.0002600839944631228,0.00010621291522663933,4.232020667268823e-10,4.2231059044020443e-10,4.4416713887544217e-10,3.170981310598101e-10,5.073562936281059e-10,4.332146346764713e-10,5.672786271731259e-10,4.875978009958261e-10,5.110570461766899e-10,5.691868962117675e-10,5.570765476306769e-10,4.623003196957831e-10,9.472475978335125e-10,8.247166308669165e-10,6.272956145142234e-10,2.977348051523178e-06,2.7545478343963623,0.00010627976354521576
15,55.0,75.0,75.0,50.0,62.0,74.0,61.0,71.0,64.0,-0.007280837788082884,0.004558336024707628,0.0028915568454644614,0.003110061243111249,0.003063172277997154,0.026452318883775902,0.0064974692198304495,-4.2217106262644116e-05,0.030976164955997535,-0.012994938439660899,0.06324145757904549,0.032682037444882364,0.012221003432300655,0.0003994072917884858,0.010964755360276674,-0.023911392015700042,0.026452318883775902,0.032682037444882364,0.006716918094316905,4.813602621544627e-08,-8.099636412883205e-06,-0.001252586880366139,0.007614135754293558,0.04956674264372232,0.02877612226950937,0.043539264173437085,0.043539264173437085,0.06909179102210847,0.0388217749992315,0.04972551053334467,0.04620356698201558,0.060805728671897305,0.05040236194752424,0.024538462055102156,0.018401739381464582,0.04900874696290822,0.02877612226950937,0.043539264173437085,0.04956674264372232,0.029326627306725243,0.03138769366575302,0.06180247352174274,-0.07543646514028617,0.0001240632355863866,0.0838076284235135,0.0001240632355863866,0.00013003853293662478,0.0001264608852231994,0.022786304539401805,0.00010466513568429391,0.00010418803682577328,0.00010698156370625551,0.0001066722204333822,0.00011398383666875536,0.00011362933995599075,0.00011093681816258642,0.00011059699957658158,0.00011635329198761677,0.00011720044143268805,0.016524942752061445,96.83772233983163,96.83772233983163,96.83772233983163,96.83772233983163,96.83772233983163,96.83772233983163,300.2967224121094,0.00018598237212376763,0.00011093681816258642,7.568861047477152e-10,4.2528441691659405e-10,5.447325567538339e-10,5.288023640595012e-10,6.95924907325352e-10,5.768578032602529e-10,3.188114291686431e-10,2.390811949917536e-10,6.367370793623324e-10,3.541470928774554e-10,5.358367499496029e-10,6.100167926127787e-10,3.9702647753768283e-10,4.2492937642672635e-10,8.366873595391758e-10,3.3372350277619677e-06,2.2767257690429688,0.00011059699957658158
16,60.0,50.0,50.0,56.0,56.0,53.0,51.0,49.0,51.0,0.009366868977769689,0.013430850288741126,0.0028851921926973324,0.010483090977334266,0.0036666621372780065,0.041454829607741266,0.009455436815548607,-8.940528537283202e-05,0.0384326765499772,-0.018910873631097218,0.07884170479854927,0.04336507402830813,0.015377391419466549,0.0006668417172674372,0.009000493664926128,-0.01762953183573045,0.041454829607741266,0.04336507402830813,0.0067187937502374605,5.649344823886776e-08,-1.1463845474199153e-05,-0.0008883243049417517,0.006127231830014726,0.06014155613080033,0.023103364242398623,0.06230984376390977,0.06230984376390977,0.050271461782879445,0.07693034276178663,0.07240969707627692,0.03380115503181833,0.05518772812308704,0.060631508704732995,0.09401238100783213,0.041132328169742785,0.06967908218731877,0.023103364242398623,0.06230984376390977,0.06014155613080033,0.07670577995525608,0.08119049150061232,0.07737162239286506,-0.07401722234578907,0.00012827935194510516,0.08872966465948527,0.00012827935194510516,0.00014018363889406452,0.00013174236996800614,0.023846754489218795,0.00010806248931351665,0.00010661111819771812,0.0001114476390109761,0.00011112609115300708,0.0001176259714933784,0.00011639288773291599,0.00011568957260346758,0.00011526537802792457,0.00011506515639513435,0.00011398735615127455,0.016380077162680824,97.48811356849042,97.48811356849042,97.48811356849042,97.48811356849042,97.48811356849042,97.48811356849042,300.16705322265625,0.00023757769178990744,0.00011568957260346758,5.870450752346948e-10,8.983542004303566e-10,8.455643532200009e-10,4.198298231106449e-10,6.854633847270513e-10,7.530782764813181e-10,1.3007430039620956e-09,5.691015112042389e-10,9.640706650127716e-10,3.092172108119098e-10,8.33959759827675e-10,8.049392307344432e-10,1.0155837761363978e-09,1.0749613131195583e-09,1.0243995234958959e-09,4.125860650186718e-06,2.273430585861206,0.00011526537802792457
17,36.0,36.0,36.0,43.0,46.0,39.0,50.0,49.0,42.0,0.013413607303417393,0.009605240405289659,0.005254110088243865,0.007653023240129496,0.00572019956450333,0.04091662591446234,0.013595978418833662,-0.00018485062916539065,0.057001792424907924,-0.02719195683766732,0.09374559031421678,0.048420314915237114,0.014975187162577832,0.0007251032783266346,0.009696932750649432,-0.023584214537487984,0.04091662591446234,0.048420314915237114,0.006383592786063778,1.027281118687937e-07,-1.8252016947154472e-05,-0.00136216119978349,0.007075211976772601,0.05342447104662616,0.028276618009949798,0.016344794717251636,0.016344794717251636,0.04868892867570975,0.08484376446353167,0.06504092478099054,0.07434608729601938,0.04378019033338803,0.05418064899358086,0.10519130455435387,0.09489758694520016,0.06330351527278924,0.028276618009949798,0.016344794717251636,0.05342447104662616,0.05478867666876234,0.11336018751838413,0.09124752440670926,-0.07915931299211115,0.0001335567026484914,0.09264023025082363,0.0001335567026484914,0.00014997586144910218,0.00013915135480337538,0.024719410282444357,0.00011407232599405588,0.0001129766338792924,0.00011767856020295905,0.00011706026409262667,0.00012422599899481393,0.0001232752945374783,0.00012202653114690489,0.00012132851503658051,0.00012793024443208037,0.00012621423837103825,0.016958927376770273,98.00473768503112,98.00473768503112,98.00473768503112,98.00473768503112,98.00473768503112,98.00473768503112,300.4913330078125,0.0003034112239932673,0.00012202653114690489,6.335644681015607e-10,1.104029108179755e-09,8.463447447809591e-10,1.0295627224850822e-09,6.062787375896166e-10,7.503068219546563e-10,1.6233226075459511e-09,1.4644689401118833e-09,9.769061037393118e-10,4.210522538740144e-10,2.4338174573724784e-10,7.955157133110384e-10,8.966795604282078e-10,1.855269542803142e-09,1.4933704380164307e-09,4.3069419650482155e-06,2.169358253479004,0.00012132851503658051
18,34.0,42.0,42.0,29.0,31.0,43.0,30.0,32.0,31.0,0.0027724892980699606,0.008502755895860735,0.0020873678010956925,0.006113809216270355,0.002799852629873049,0.031140881294112046,0.0027801973655123893,-7.729497391202029e-06,0.010998897189211534,-0.005560394731024779,0.04606777653557938,0.028707492026461213,0.01159660218360279,0.00033290936471981977,0.005935181310652101,-0.011458436148952509,0.031140881294112046,0.028707492026461213,0.007956644105951241,2.3605981200533208e-08,-4.072978191149355e-06,-0.0008161798956292552,0.004804585608481456,0.03660798277005375,0.024053059409424097,0.02383710873920259,0.02383710873920259,0.042223539746947085,0.05773358606039253,0.0410955639248022,0.02851020850659233,0.04263499535948526,0.037101272284174945,0.017734536426553496,0.024805152334510777,0.04017049582386373,0.024053059409424097,0.02383710873920259,0.03660798277005375,0.036254685014157434,0.052175264082727,0.045812685809753284,-0.08799106988375412,0.00013863976881803327,0.095749880516278,0.00013863976881803327,0.00015747332882645845,0.00014405523665542917,0.0257221162043733,0.00012101417150712379,0.00011998521754685889,0.0001239234747870869,0.00012366480091601645,0.00013129104202704234,0.00013048835364428367,0.0001287963002869086,0.00012843568962683238,0.0001381179616365261,0.0001377350310660176,0.016649372073875686,98.41510680753889,98.41510680753889,98.41510680753889,98.41510680753889,98.41510680753889,98.41510680753889,300.2078857421875,0.00022226570096384868,0.0001287963002869086,6.183396597438982e-10,8.454754427110613e-10,6.018210971069312e-10,4.3783205901174127e-10,6.547468006024285e-10,5.697652625858378e-10,3.056961936309001e-10,4.275747879003465e-10,6.924324027570638e-10,3.9900386254403275e-10,3.9542156766541975e-10,6.072710450909984e-10,6.91615084597038e-10,9.953251467598403e-10,8.739489685141979e-10,3.2145965691610996e-06,2.6937458515167236,0.00012843568962683238
19,36.0,22.0,22.0,30.0,30.0,25.0,25.0,27.0,23.0,0.003714064953469667,0.011012919588101,0.0018899668218988728,0.009002350810371481,0.0023773460843748307,0.018746351879876517,0.003727910655786031,-1.3897317857523035e-05,0.014762397064658268,-0.007455821311572062,0.03452997466153027,0.016943316445520037,0.01012247154223077,0.0001715082385507872,0.003975200289727936,-0.007211610416494584,0.018746351879876517,0.016943316445520037,0.005039445561123126,3.1912976489770506e-08,-5.481137668956407e-06,-0.0004870471040976841,0.0031326897531473445,0.03714785352594317,0.031178106290710973,0.04959623329835972,0.04959623329835972,0.06277602313216794,0.01805142797508231,0.04547098477385574,0.05317572497770864,0.02853480942415726,0.03761360054635334,0.05260607995878094,0.01994889975144392,0.04430859738194601,0.031178106290710973,0.04959623329835972,0.03714785352594317,0.04350240951179205,0.040690534286624384,0.034273957840147445,-0.08569990429991646,0.00014372488394155593,0.10181571054170194,0.00014372488394155593,0.00016716490112048514,0.00015264557497829374,0.026395080748903593,0.00013085674002332614,0.0001294156252678882,0.00013416925934281432,0.00013391568389413766,0.0001420954069036543,0.00014081621420216513,0.0001393166320319227,0.00013898542818227333,0.0001387487789441431,0.00013823345696692996,0.017156349228265578,98.74107458820583,98.74107458820583,98.74107458820583,98.74107458820583,98.74107458820583,98.74107458820583,300.1369323730469,0.00012443974027998925,0.0001393166320319227,1.0749443789481674e-09,3.0910338160397425e-10,7.78621789803172e-10,9.572369719710567e-10,5.136662373743242e-10,6.770970984789314e-10,1.0621748663639471e-09,4.0279032279539483e-10,8.946395272146991e-10,6.051397298568556e-10,9.62619440072561e-10,7.210072939596319e-10,8.374746151947615e-10,7.8334257633529e-10,6.59815628042359e-10,2.979451501211391e-06,1.7045071125030518,0.00013898542818227333
20,19.0,22.0,22.0,14.0,12.0,17.0,23.0,19.0,22.0,0.009754641763850436,0.0008699370154775497,0.0006038428507810982,-0.0007975763895805885,0.0010944411182775761,0.0242607832356639,0.009850732126859179,-9.703692343513552e-05,0.039719477999295275,-0.019701464253718354,0.055274111461643766,0.026167056218584225,0.00895183524480737,0.0002342431761103781,0.007621792116236551,-0.01641074123065406,0.0242607832356639,0.026167056218584225,0.006882676131497185,9.174575628328144e-08,-1.497130767855214e-05,-0.0012674342180654862,0.006416277843634554,0.02537445753650272,0.023145320819452794,0.03262637054908052,0.03262637054908052,0.031618623073111106,0.02460925371850336,0.024108834074722977,0.023611595954406407,0.03125217408670433,0.025492842417375077,0.019052945969417208,0.010035439172152296,0.022975559308207584,0.023145320819452794,0.03262637054908052,0.02537445753650272,0.04989130256983331,0.051217455796786604,0.054201012648911334,-0.09174262618029343,0.0001515511510660872,0.10589823947120591,0.0001515511510660872,0.00017501211150096143,0.00015788035654439936,0.027157045494705004,0.00012757873093498327,0.00012746774547455527,0.0001297886532126925,0.0001297102812623375,0.00013772449102595163,0.00013783433682826093,0.0001352317874952291,0.00013508378426649615,0.00014429668872711546,0.00014288912622087261,0.016566091603270137,99.0,99.0,99.0,99.0,99.0,99.0,299.818115234375,0.0002202405095749355,0.0001352317874952291,5.14635225080343e-10,4.00548398239756e-10,3.9240340168452804e-10,3.977395652130692e-10,5.26445825907384e-10,4.29429339664768e-10,3.613969541624855e-10,1.9035256575651072e-10,4.3580122294440883e-10,4.2327321033067435e-10,5.966591999943587e-10,4.640388519846322e-10,1.038813471601529e-09,1.0664260166065154e-09,1.1285482481705845e-09,2.456700405647345e-06,2.318073034286499,0.00013508378426649615
21,15.0,17.0,17.0,20.0,24.0,16.0,16.0,17.0,16.0,0.004944459229520686,0.0022985891526239506,0.0038967583996193495,0.0004613248924256838,0.004582764005285343,0.030040485168919613,0.0049690283877945095,-2.4691243118707706e-05,0.01850841814434857,-0.009938056775589019,0.04032291559075872,0.021835666743327452,0.009729136538632513,0.00021244218315790998,-0.0055155287387515855,0.01159055291693793,0.030040485168919613,0.021835666743327452,0.0021297942474058184,4.248961077745794e-08,-7.52884234350775e-06,0.0009689091204121469,-0.004834390540209015,0.020890477628812618,0.005512364982267469,0.011739067303386592,0.011739067303386592,0.033377096794622745,0.03473834580891546,0.023672029648834306,0.007693301294189351,0.03369677836806278,0.020677979428090222,0.006539910512508297,0.036481838798150874,0.022130322597634956,0.005512364982267469,0.011739067303386592,0.020890477628812618,0.050485461324479994,0.02775417818405708,0.03992515136806988,-0.09537275108118445,0.00015443600791468224,0.11023673957534733,0.00015443600791468224,0.00018192057409300235,0.00016666034449737803,0.02800044030255535,0.00013152546299184195,0.00013122313998931506,0.00013455632005566088,0.0001340319865852621,0.00014226495505772138,0.00014219932469263343,0.00014018913027128918,0.00013954667657114966,0.00014315857174627237,0.00014245073002491651,0.015886653187982464,99.20567176527571,99.20567176527571,99.20567176527571,99.20567176527571,99.20567176527571,99.20567176527571,300.05133056640625,0.0001986163872731437,0.00014018913027128918,5.77388642322833e-10,6.009368174401006e-10,4.0950119610667525e-10,1.3929032238522686e-10,6.100937611498517e-10,3.743831562906791e-10,1.323633248759924e-10,7.383675161422328e-10,4.479026240494839e-10,1.083344662548399e-10,2.3070779869131716e-10,4.10560394858897e-10,1.034668060461538e-09,5.688045817158442e-10,8.182410905217112e-10,2.4554954174388103e-06,0.7195453643798828,0.00013954667657114966
22,14.0,11.0,11.0,9.0,17.0,11.0,16.0,15.0,9.0,0.00038448816332781936,0.0010565044069705896,-0.0007718515001301558,-0.0009380237649129921,-0.00013532962397851838,0.038340630937835116,0.00038463605133683197,-1.4794489198799008e-07,0.0013620272396016023,-0.000769272102673664,0.044244363415094565,0.03921743692979235,0.00426697930162409,0.00016733999164217215,0.0060566225258661234,-0.011659482212648335,0.038340630937835116,0.03921743692979235,0.0047260536948249806,4.0143686404798944e-09,-6.603371281213752e-07,-0.001128112275091849,0.005711230058366032,0.015785582912701324,0.027596726700890934,0.008063077073825855,0.008063077073825855,0.014535125623293626,0.0038191031289891257,0.012953534218321888,0.02012697401824177,0.023207013405676574,0.015762839838195545,0.004701282234389494,0.013443067702892091,0.012182933367367064,0.027596726700890934,0.008063077073825855,0.015785582912701324,0.03170348449893381,0.036692138790612894,0.044210347087735434,-0.10260627312826492,0.0001613185937022845,0.11523980719569529,0.0001613185937022845,0.00019061267928720634,0.00017281398533903726,0.028717031664172363,0.0001410678191499071,0.0001409187803772935,0.00014355572108147328,0.00014366652478014228,0.00015158155128684785,0.0001517237383842773,0.0001497790295677186,0.00014979929910746988,0.000161469572839942,0.00016140748970044745,0.016731767288562797,99.3690426555198,99.3690426555198,99.3690426555198,99.3690426555198,99.3690426555198,99.3690426555198,300.0495910644531,0.00041288303040403016,0.0001497790295677186,2.8925088365162175e-10,7.6000647221545e-11,2.577770097188953e-10,4.1478161278800763e-10,4.782558192639991e-10,3.248444661517458e-10,1.0802120530233509e-10,3.088809188278547e-10,2.7992685417490645e-10,6.19098280072545e-10,1.8088511737650392e-10,3.541299421891379e-10,8.265866569436748e-10,9.56652961603196e-10,1.1526708681753807e-09,1.1945495456138215e-06,1.5966477394104004,0.00014979929910746988
23,10.0,14.0,14.0,11.0,4.0,14.0,7.0,10.0,11.0,-0.0011573435327820974,-0.002197616564701165,-0.0007811813831267267,-0.002676651421232454,-0.0006640363780602592,0.01586219279069331,-0.0011560056371343222,-1.3363490330863301e-06,-0.004458188559067045,0.0023120112742686444,0.01582925117184997,0.01416681897401205,0.003756724988817681,5.322084285172754e-05,0.00031788236181495036,-0.0006336821418750233,0.01586219279069331,0.01416681897401205,0.0020111735967413345,-1.413772284981544e-08,2.058592884024889e-06,-7.095526174202291e-05,0.000322667350750476,0.013360998859633821,0.005031489027639536,0.0207640578828169,0.0207640578828169,0.006726971366855879,0.007366464167020801,0.008212588608129364,0.006043711970947025,0.02144358146821743,0.013747641050915051,0.007705977167688518,0.009828232799982092,0.00838633173861976,0.005031489027639536,0.0207640578828169,0.013360998859633821,0.014961126067235098,0.015459185667522227,0.015865912137191365,-0.11031245400079544,0.00016996626010039895,0.11973985229366152,0.00016996626010039895,0.00019663041370626395,0.00017612585227864004,0.028981375171333375,0.00014219035144609303,0.00014250283131777165,0.0001434985738885534,0.00014361067230298037,0.00015275481173582193,0.00015316368311975472,0.00014988363999324909,0.0001499831681826807,0.00016723074794946797,0.0001674242913740896,0.016143064029970504,99.49881276637272,99.49881276637272,99.49881276637272,99.49881276637272,99.49881276637272,99.49881276637272,300.23577880859375,0.00017239371809543667,0.00014988363999324909,1.3600655318277504e-10,1.4893588003618836e-10,1.6604290525200462e-10,1.2445115419106768e-10,4.4156281380359657e-10,2.8308923463187284e-10,1.798115217401896e-10,2.2933230365536133e-10,1.9568693741556932e-10,1.1303293201732887e-10,4.664667517268545e-10,3.0015624946977306e-10,4.18404692708558e-10,4.3233348878127203e-10,4.4370805128369214e-10,9.789969581418368e-07,0.6811419725418091,0.0001499831681826807
24,9.0,6.0,6.0,6.0,11.0,9.0,9.0,9.0,10.0,-0.026881883468040362,0.00034662940514584145,-0.0102176843233838,-0.000850322143037255,-0.010054453826371995,0.015752023973492582,-0.026178165084822902,-0.000685296327208241,-0.12170330482454197,0.05235633016964581,0.030796864339497076,0.07263775268608574,0.02628229573769824,0.0019090868978174904,0.046921586960707674,-0.11572544569957173,0.015752023973492582,0.07263775268608574,0.011918130026270884,-4.7603201173089647e-07,5.1773329584254684e-05,-0.01627312039889676,0.053141299803097584,0.03157175721742006,0.06109561979225322,0.008719469552816177,0.008719469552816177,0.011423460299401588,0.03854444282046555,0.03589366817020857,0.006781578631734094,0.0006867304297824164,0.031582810443216945,0.04561961481847661,0.058450930911751575,0.034271227751127016,0.06109561979225322,0.008719469552816177,0.03157175721742006,0.011578085395379387,0.033262345749291815,0.032474874688558523,-0.12416022615869861,0.00017553189088483786,0.12415131988083437,0.00017553189088483786,0.00020229928104409497,0.00018352200069903117,0.02946078113384919,0.00017166593718574903,0.00017160643272405853,0.00017395519923598418,0.0001757326185481888,0.00018634112549770592,0.0001864995754828751,0.00018095462017141128,0.00018277402004459342,0.00018107327464382075,0.0001859408653119724,0.015928849119886766,99.6018928294465,99.6018928294465,99.6018928294465,99.6018928294465,99.6018928294465,99.6018928294465,298.9295959472656,0.0011197662901744584,0.00018095462017141128,3.366401675985471e-10,1.1358736627074247e-09,1.0577574703155946e-09,2.0521335893917585e-10,2.078074528575624e-11,9.557088353238694e-10,1.5840505719970822e-09,2.0295925538376538e-09,1.190000357044397e-09,2.0005500776611423e-09,2.8551532090786965e-10,1.0338037582395896e-09,3.796168313929897e-10,1.090590185410399e-09,1.0647709537601858e-09,6.668560490459158e-06,3.9666335582733154,0.00018277402004459342
25,7.0,7.0,7.0,8.0,7.0,5.0,8.0,6.0,7.0,0.001915284004240214,-0.003572629218609053,-0.0009433934424657247,-0.004381451761454154,-0.0006744757504433802,0.013779099339466765,0.0019189593564006098,-3.682405011517443e-06,0.007212579284053106,-0.0038379187128012196,0.019890687660932077,0.01462809326083393,0.0018643444296702481,2.7271804187532633e-05,0.0027106572421236688,-0.005394359140796894,0.013779099339466765,0.01462809326083393,0.0018347079773060597,2.380689111916379e-08,-3.486356701391029e-06,-0.0006324027070549717,0.0028172408347726607,0.003039969344055239,0.004278182469347421,5.7995133167744663e-05,5.7995133167744663e-05,0.0059055014248560935,4.990004900467993e-06,0.002919664724841966,0.00024975091299704973,0.006022123934105615,0.0032074367098165594,2.3190247518342102e-05,0.004880553650423012,0.003105677508633424,0.004278182469347421,5.7995133167744663e-05,0.003039969344055239,0.042024457445712836,0.006182434740608456,0.019814567994375917,-0.11279880370554107,0.0001828071496090413,0.12755603339594299,0.0001828071496090413,0.0002072021771948657,0.00019131557326653348,0.029699799249344738,0.0001598564847514439,0.00016042759269965104,0.00016357698079189648,0.0001637312982429139,0.0001711641543682253,0.00017191410185387978,0.00017089417291615497,0.000171009436891679,0.00017113805494893384,0.00017081027696977337,0.016106513800251833,99.68377223398316,99.68377223398316,99.68377223398316,99.68377223398316,99.68377223398316,99.68377223398316,300.4366149902344,0.00018612157028810429,0.00017089417291615497,1.5090974866817583e-10,1.2751506285530035e-13,7.46093918404188e-11,6.682692233540281e-12,1.611365514581323e-10,8.5822758896246e-11,6.794085714906617e-13,1.4298639896339019e-10,9.098755491861002e-11,1.2494354182853182e-10,1.6937373285765148e-12,8.87817524422602e-11,1.2308221371610335e-09,1.8107259445584128e-10,5.803337010897773e-10,4.836478344625404e-07,0.6230410933494568,0.000171009436891679
26,4.0,4.0,4.0,5.0,5.0,6.0,5.0,4.0,3.0,-0.0020901208965314146,0.0022392970146076783,0.0019913790994027934,0.002663229707312552,0.0019336052642005331,0.00087965047138073,-0.0020857614030379184,-4.3504006304027056e-06,-0.00836497324016256,0.004171522806075837,0.005442975273768612,0.0010325802239640244,0.008599316400466982,8.879484054731706e-06,0.0007378990079366743,-0.0014909648460109854,0.00087965047138073,0.0010325802239640244,0.0006001360854910167,-2.7602504770267995e-08,3.7888428762162176e-06,-0.00017229697192708003,0.0007616190534549146,0.0054689936178513535,0.0003082865352430821,0.0003082865352430821,0.0003082865352430821,0.006913668499206437,0.006913668499206437,0.004678570306738346,0.0009732507183058669,0.004391266169868973,0.005672826474312907,6.614395418769608e-05,0.006418879481400573,0.004913612361918028,0.0003082865352430821,0.0003082865352430821,0.0054689936178513535,0.008768473272764778,0.0020052151049862283,0.00546575200469759,-0.11196166990190481,0.00018752742188107377,0.13111979682270453,0.00018752742188107377,0.00021371728638938485,0.00019642871622491855,0.029872090821929792,0.0001647871185324872,0.0001644181112299116,0.00017159115468352222,0.00017124945164444306,0.00017752784877263645,0.00017705505133190988,0.00017919512261662128,0.00017884862998421072,0.00017042886128332366,0.000170785078207664,0.016224547808438163,99.74881135684905,99.74881135684905,99.74881135684905,99.74881135684905,99.74881135684905,99.74881135684905,300.5150146484375,1.2943822172582136e-05,0.00017919512261662128,1.8773924688243127e-10,1.8773924688243127e-10,1.2704561492561888e-10,2.865593123830029e-11,1.2929435246847946e-10,1.6702800451839153e-10,2.0846019278435312e-12,2.0229828569898202e-10,1.5485808080454145e-10,9.899355628868557e-12,9.899355628868557e-12,1.7561426324517976e-10,2.5468904625623233e-10,5.82434714391851e-11,1.58758215010284e-10,2.2636492356857627e-06,0.20401060581207275,0.00017884862998421072
27,4.0,6.0,6.0,5.0,3.0,3.0,2.0,6.0,4.0,0.00030255779476928506,-0.0013565912561217092,-0.00021782957561719982,-0.002409814374977546,4.581016169063774e-05,0.02043642284139884,0.00030264936369317935,-9.159663734388633e-08,0.00025654409981913645,-0.0006052987273863586,0.01939526032035631,0.017976342314265165,0.0017365474587325686,3.121677156314391e-05,-0.001497307030859982,0.0030572212584916705,0.02043642284139884,0.017976342314265165,0.0009001662995019853,1.0940082854478612e-09,-6.249842245217905e-07,0.0004473872081010573,-0.0017408011260204633,0.0018763075046418045,0.0008336884823752567,0.0010375008216525826,0.0010375008216525826,0.0004372992842073753,0.0010505030190796644,0.0013511673591870596,0.0033744018226569516,0.00015663689801865104,0.0021134498773993484,0.0009537737742496046,0.0007412942341681148,0.001645674100554138,0.0008336884823752567,0.0010375008216525826,0.0018763075046418045,0.0014294342842311896,0.004208955741382899,0.019383525721439088,-0.12586888833159662,0.00019084773375705846,0.13647323571682368,0.00019084773375705846,0.00021913590968567127,0.00020552333187896554,0.029935605061861183,0.0001794471681391875,0.00017969060459842092,0.00018417615994358743,0.00018421627895834675,0.00019285239315123835,0.00019331713162050302,0.00019217986193074534,0.0001921710581401966,0.00019420869200955388,0.00019414993265597444,0.016406309252451904,99.80047376850311,99.80047376850311,99.80047376850311,99.80047376850311,99.80047376850311,99.80047376850311,300.8086853027344,0.00028479877872482584,0.00019217986193074534,1.408159938533978e-11,3.3827548322157304e-11,4.350932677401071e-11,1.1446260469538743e-10,5.313257958266362e-12,7.169003295221067e-11,3.5472797650716486e-11,2.757024891880359e-11,6.120598609865372e-11,3.079069953127654e-11,3.8318120902836306e-11,6.92978514457881e-11,5.391399584371518e-11,1.5874925126015627e-10,7.3108875078107e-10,4.674212408019061e-07,0.30720093846321106,0.0001921710581401966
28,2.0,5.0,5.0,1.0,4.0,5.0,4.0,2.0,4.0,-0.0024397027816626077,-0.001011639807780719,0.0008099654066161669,-0.001921724320689955,0.0009840484242568614,0.01333928520197598,-0.0024337651181339597,-5.923212650245607e-06,-0.010265484947538995,0.004867530236267919,0.006314009501711178,0.010025419195871603,0.0016756689461423153,1.6799283618581108e-05,-0.0020231803289821456,0.004194510033361018,0.01333928520197598,0.010025419195871603,0.0011425363017255048,-5.196853859029161e-08,5.475946281931306e-06,0.000734218783321927,-0.0025712822533347185,0.014376969555165962,0.008002838063950286,0.006147317409365129,0.006147317409365129,0.014539949742787288,0.0012840058144649173,0.012718139830003116,0.008868640129877377,0.00028735762848901964,0.014672866810756729,0.010280504214158145,0.0012881385009202821,0.013312953878673229,0.008002838063950286,0.006147317409365129,0.014376969555165962,0.004366667368331109,0.0032393842318066916,0.00634485569673024,-0.1377301735017546,0.00019566698518964817,0.1398775872413147,0.00019566698518964817,0.00022443115168715162,0.0002114157704142785,0.030082471270968015,0.000176303248305065,0.00017648160368929146,0.00017912525630440563,0.0001789801710433478,0.0001858688922472712,0.00018622608101796247,0.00018825013007287803,0.00018806488282901366,0.0002110232036008709,0.0002115380374976913,0.016336214313470925,99.84151068075388,99.84151068075388,99.84151068075388,99.84151068075388,99.84151068075388,99.84151068075388,300.6584777832031,0.0001901781989238512,0.00018825013007287803,4.5194286404015056e-10,3.99105413360417e-11,3.953158464585492e-10,2.8455792294817586e-10,9.22011590375351e-12,4.707915128158313e-10,3.5516309889184784e-10,4.4501636520773574e-11,4.59925880721116e-10,2.8360546740628017e-10,2.1784931960964778e-10,5.094926497320703e-10,1.944511583121628e-10,1.4425234691821933e-10,2.8254145220689227e-10,4.471889522369411e-07,0.3891366422176361,0.00018806488282901366
29,4.0,0.0,0.0,5.0,4.0,3.0,4.0,4.0,2.0,,,,,,,,,,,,,,,,,,,,,,,,,,,,,,,,,,,,,,,,,,,,0.00020143878678172518,0.14263706375719518,0.00020143878678172518,0.00022655361587109793,0.00021689161597813152,0.03055546290737117,,,,,,,,,,,,99.87410745882059,99.87410745882059,99.87410745882059,99.87410745882059,99.87410745882059,99.87410745882059,,,,,,,,,,,,,,,,,,,,,
30,2.0,4.0,4.0,1.0,2.0,1.0,1.0,1.0,1.0,0.004226948880554832,-0.006764394720142393,0.001334883860860264,-0.007910133677822057,0.0018447230947524938,0.02205378715290659,0.004244891821287008,-1.801910657442933e-05,0.016130686109531205,-0.008489783642574016,0.023160537316510535,0.012922555161085527,0.002581736167012658,3.3362628029590596e-05,-0.006357432586778307,0.013100451100007574,0.02205378715290659,0.012922555161085527,0.002388213478591794,7.531604205186145e-08,-9.172420398147363e-06,0.0021855173795034535,-0.007876509478084534,0.008725589675031434,0.0014421231254455357,0.01512614515454222,0.01512614515454222,0.003959011528855532,0.01428633869873093,0.009242252456106203,0.009697628463208846,0.0015573907852243234,0.00835703215475365,0.003553832987532229,0.012634619032602065,0.007984567455961064,0.0014421231254455357,0.01512614515454222,0.008725589675031434,0.010883385479432076,0.03926175339426246,0.022965154313507454,-0.13465298265140188,0.00020462664750812293,0.14814820094475892,0.00020462664750812293,0.00023455085911219199,0.00022157847384561072,0.03099652617848891,0.0001901090202647814,0.00019139499271771194,0.00019284964696704508,0.00019259221508573617,0.000202735390887402,0.00020433905493054687,0.00020206169919556298,0.000201688951312492,0.0002040163201700175,0.00020315395361385994,0.01604727690718362,99.9,99.9,99.9,99.9,99.9,99.9,300.2261047363281,0.00023430434923445818,0.00020206169919556298,1.4308437599054856e-10,5.163288469858187e-10,3.3402830878124656e-10,3.6066436766015157e-10,5.792089941202163e-11,3.1080626867122204e-10,1.4606835951861157e-10,5.193035468209588e-10,3.2817880689654937e-10,5.888034454658466e-11,6.175843259471637e-10,3.562564925094365e-10,4.5299544144098e-10,1.6341785691770706e-09,9.55870784478581e-10,6.648360372456104e-07,0.8087331652641296,0.000201688951312492
31,2.0,1.0,1.0,2.0,1.0,2.0,2.0,2.0,3.0,0.0,1.4197002605961467e-16,1.390465818519537e-16,1.325912052063457e-16,1.3305330483259616e-16,,,,,,,,,,,,,,,,,,,,,,,,,,,,,,,,,,,,,,-0.14276183302534157,0.00020739655043984463,0.15475907962940563,0.00020739655043984463,0.00023548925219234036,0.00022497040905512954,0.031198113918949725,0.00019092096454751596,0.00019092096454751594,0.00019493506385505414,0.00019493506385505411,0.0002044257329885134,0.00020442573298851336,0.00020371575396973727,0.00020371575396973724,0.00022223044050496195,0.00022223044050496195,0.016557069716038136,99.92056717652757,99.92056717652757,99.92056717652757,99.92056717652757,99.92056717652757,99.92056717652757,300.6888427734375,,0.00020371575396973727,,,,,,,,,,,,,,,,,,0.00020371575396973724
32,1.0,2.0,2.0,1.0,2.0,1.0,1.0,1.0,0.0,-0.0015621137385281984,-0.0008410925988574427,-0.0005274546079184074,-0.0020027520532016757,-7.374908102443747e-05,0.001436647888925645,-0.0015596773451197223,-2.4325934208797048e-06,-0.00623870938047889,0.003119354690239444,0.003074046272154154,0.005771950086255136,0.00042145087613846324,2.432593420879705e-06,0.005784643207944805,-0.011569286415889614,0.001436647888925645,0.005771950086255136,0.0014493410106153177,-3.227369235464861e-08,3.547412677181392e-06,-0.002037381889951259,0.007364224591011535,0.002783972206247361,,,,,,0.0005704435743823759,,,0.0024537972002921086,,,0.0003035533506709001,,,0.002783972206247361,,,0.0030836577932690243,-0.13832969546026624,0.00021411292362383965,0.15952421568054814,0.00021411292362383965,0.0002375717191017209,0.00022580202996974234,0.031451874765874285,0.0002066724093986392,0.00020684624003257244,0.00020880724487904324,0.00020891738122252144,0.00022132717961854923,0.00022177044308195962,0.000218214374830761,0.00021823046794037108,0.0002135044915719143,0.00021383800987143626,0.016442260665849147,99.93690426555199,99.93690426555199,99.93690426555199,99.93690426555199,99.93690426555199,99.93690426555199,300.26031494140625,0.00011044686891273113,0.000218214374830761,,,2.4365632947426302e-11,,,1.0698670020962873e-10,,,1.486977957395301e-11,,,1.325658337882709e-10,,,1.405659746604523e-10,1.1393837440670703e-07,0.49102163314819336,0.00021823046794037108
33,2.0,0.0,0.0,0.0,0.0,0.0,0.0,0.0,2.0,,,,,,,,,,,,,,,,,,,,,,,,,,,,,,,,,,,,,,,,,,,,0.00022351195312296108,0.16625327873445075,0.00022351195312296108,0.0002388596325027035,0.00022752657744002952,0.031587316490578395,,,,,,,,,,,,99.94988127663727,99.94988127663727,99.94988127663727,99.94988127663727,99.94988127663727,99.94988127663727,,,,,,,,,,,,,,,,,,,,,
34,0.0,0.0,1.0,0.0,0.0,0.0,0.0,0.0,0.0,0.0,1.5443775137174681e-16,0.0,1.4202415803031054e-16,0.0,,,,,,,,,,,,,,,,,,,,,,,,,,,,,,,,,,,,,,-0.18031923373990882,0.0002241148221308774,0.17304334609073843,0.0002241148221308774,0.0002433584768580189,0.00022958549062756113,0.031724276186787,0.00017550795755173285,0.00017550795755173282,0.00017790050333342273,0.00017790050333342273,0.0001908481957439445,0.00019084819574394446,0.0001850592782996734,0.0001850592782996734,0.00021466526025642384,0.00021466526025642384,0.012662275544510632,99.96018928294464,99.96018928294464,99.96018928294464,99.96018928294464,99.96018928294464,99.96018928294464,298.6348876953125,,0.0001850592782996734,,,,,,,,,,,,,,,,,,0.0001850592782996734
35,1.0,0.0,1.0,0.0,0.0,0.0,0.0,0.0,1.0,0.0,0.0,-1.2115945616054872e-16,0.0,-1.1561808623048902e-16,,,,,,,,,,,,,,,,,,,,,,,,,,,,,,,,,,,,,,-0.13956090187613698,0.0002245473158381656,0.17519753898454252,0.0002245473158381656,0.00025196000510094226,0.00023538593488050294,0.031861420340303336,0.0002269486963062821,0.0002269486963062821,0.00022371389878327472,0.00022371389878327475,0.00024098380127358235,0.00024098380127358235,0.00023443610939989664,0.00023443610939989667,0.0002359334300396954,0.0002359334300396954,0.017981162263808505,99.96837722339832,99.96837722339832,99.96837722339832,99.96837722339832,99.96837722339832,99.96837722339832,299.8677978515625,,0.00023443610939989664,,,,,,,,,,,,,,,,,,0.00023443610939989667
36,0.0,0.0,1.0,0.0,0.0,0.0,0.0,0.0,1.0,0.0,1.2709929151592244e-16,0.0,1.196710632646617e-16,0.0,,,,,,,,,,,,,,,,,,,,,,,,,,,,,,,,,,,,,,-0.15729571521030505,0.00023012819840864728,0.1769801231166073,0.00023012819840864728,0.0002629195942982674,0.00023892323592011113,0.031961739722724675,0.0002132588938054152,0.00021325889380541518,0.00021668641744297302,0.00021668641744297302,0.00022649631057587174,0.0002264963105758717,0.00022724721392528162,0.00022724721392528162,0.00023448679891110576,0.00023448679891110576,0.015855996867511477,99.9748811356849,99.9748811356849,99.9748811356849,99.9748811356849,99.9748811356849,99.9748811356849,300.6683654785156,,0.00022724721392528162,,,,,,,,,,,,,,,,,,0.00022724721392528162
37,1.0,0.0,0.0,0.0,0.0,0.0,0.0,0.0,0.0,,,,,,,,,,,,,,,,,,,,,,,,,,,,,,,,,,,,,,,,,,,,0.00024187853138877646,0.17849590249222563,0.00024187853138877646,0.0002736301637645928,0.00024023786042129007,0.03203723938903534,,,,,,,,,,,,99.98004737685031,99.98004737685031,99.98004737685031,99.98004737685031,99.98004737685031,99.98004737685031,,,,,,,,,,,,,,,,,,,,,
38,0.0,0.0,0.0,0.0,0.0,0.0,0.0,0.0,0.0,,,,,,,,,,,,,,,,,,,,,,,,,,,,,,,,,,,,,,,,,,,,0.00025121215264231497,0.1796999288478933,0.00025121215264231497,0.0002821378715016634,0.00024128210378063797,0.03209721090569811,,,,,,,,,,,,99.98415106807539,99.98415106807539,99.98415106807539,99.98415106807539,99.98415106807539,99.98415106807539,,,,,,,,,,,,,,,,,,,,,
39,0.0,0.0,0.0,0.0,0.0,0.0,0.0,0.0,0.0,,,,,,,,,,,,,,,,,,,,,,,,,,,,,,,,,,,,,,,,,,,,0.0002569604606099401,0.1817242969240313,0.0002569604606099401,0.0002852089425672121,0.00024357667366318005,0.03214688446207865,,,,,,,,,,,,99.98741074588206,99.98741074588206,99.98741074588206,99.98741074588206,99.98741074588206,99.98741074588206,,,,,,,,,,,,,,,,,,,,,
40,0.0,0.0,0.0,0.0,0.0,0.0,0.0,0.0,0.0,,,,,,,,,,,,,,,,,,,,,,,,,,,,,,,,,,,,,,,,,,,,,0.18489087016781489,0.0002590957209264073,0.0002857750601704759,0.00024753741940496625,0.03218737632998013,,,,,,,,,,,,99.99,99.99,99.99,99.99,99.99,99.99,,,,,,,,,,,,,,,,,,,,,
